Quarter,MRR_Growth_%,Gap_to_Target
Q1 2024,2.93,12.07
Q2 2024,8.05,6.949999999999999
Q3 2024,9.12,5.880000000000001
Q4 2024,11.4,3.5999999999999996
